{
  "brand": {
    "mapping": {
      "acer": 0.18364451766428702,
      "adil": 0.2542770244582436,
      "alteco": 0.11353054938757967,
      "apple": 0.14269657731450833,
      "arg": 0.11353054938757967,
      "ariston": 0.1444481054365733,
      "artel": 0.06695391374139313,
      "ballu": 0.12434298266258725,
      "beko": 0.1444481054365733,
      "bfgoodrich": 0.11869102890519692,
      "bosch": 0.1203734211971444,
      "braun": 0.1641455743597424,
      "brother": 0.17196203028163487,
      "candy": 0.12434298266258725,
      "canon": 0.12434298266258725,
      "canyon": 0.13889240907362815,
      "cordiant": 0.0743742360631344,
      "dauscher": 0.11869102890519692,
      "decoroom": 0.12434298266258725,
      "defender": 0.12434298266258725,
      "delonghi": 0.1641455743597424,
      "deluxe": 0.12434298266258725,
      "dewalt": 0.2004870711267101,
      "ea": 0.11869102890519692,
      "elari": 0.1570088102571449,
      "elenberg": 0.12434298266258725,
      "epson": 0.1504667764964305,
      "eurolux": 0.12434298266258725,
      "force": 0.12434298266258725,
      "galaxy": 0.12434298266258725,
      "gefest": 0.10444810543657329,
      "gislaved": 0.11353054938757967,
      "goo.n": 0.12434298266258725,
      "goodyear": 0.11869102890519692,
      "gopro": 0.12434298266258725,
      "hansa": 0.12434298266258725,
      "hp": 0.09671120873756786,
      "huawei": 0.09288962108731465,
      "huter": 0.2279725046867011,
      "ibox": 0.10880010982976385,
      "incanto": 0.12434298266258725,
      "indesit": 0.1337482457746049,
      "inoi": 0.12434298266258725,
      "jaguar": 0.12434298266258725,
      "janome": 0.17078528281164193,
      "jbl": 0.1570088102571449,
      "joie": 0.11869102890519692,
      "karcher": 0.10880010982976385,
      "kelli": 0.1641455743597424,
      "kingston": 0.11353054938757967,
      "kivi": 0.11869102890519692,
      "lacoste": 0.12434298266258725,
      "lenovo": 0.11353054938757967,
      "lg": 0.09028006589785831,
      "mart": 0.17196203028163487,
      "matador": 0.1203734211971444,
      "maxxis": 0.1641455743597424,
      "michelin": 0.09671120873756786,
      "midea": 0.15165412529498196,
      "montale": 0.12434298266258725,
      "navien": 0.1004308706120897,
      "neoline": 0.12434298266258725,
      "nexen": 0.12434298266258725,
      "nika": 0.12434298266258725,
      "nokia": 0.09325723699694044,
      "nokian": 0.1002000470698988,
      "omron": 0.11353054938757967,
      "oppo": 0.11330529784097805,
      "panasonic": 0.10444810543657329,
      "philips": 0.17735394753516662,
      "pioneer": 0.12434298266258725,
      "pocketbook": 0.11869102890519692,
      "polaris": 0.10444810543657329,
      "polini": 0.12434298266258725,
      "prestigio": 0.11869102890519692,
      "redmond": 0.1004308706120897,
      "remington": 0.17196203028163487,
      "respect": 0.12434298266258725,
      "ritmix": 0.11869102890519692,
      "roadx": 0.12434298266258725,
      "samsung": 0.15313071897911587,
      "saturn": 0.12434298266258725,
      "scarlett": 0.17196203028163487,
      "sho-me": 0.12434298266258725,
      "sony": 0.1290034345070226,
      "starline": 0.09325723699694044,
      "steelseries": 0.11869102890519692,
      "tcl": 0.12434298266258725,
      "tefal": 0.12434298266258725,
      "texet": 0.12434298266258725,
      "tigar": 0.11869102890519692,
      "toyo": 0.11869102890519692,
      "tp-link": 0.17196203028163487,
      "transcend": 0.10880010982976385,
      "trust": 0.12434298266258725,
      "tunga": 0.11869102890519692,
      "turboair": 0.12434298266258725,
      "unknown": 0.08539264140582097,
      "versace": 0.17196203028163487,
      "viatti": 0.10317721816898093,
      "vihr": 0.12434298266258725,
      "vitek": 0.16468580842551186,
      "vivo": 0.1444481054365733,
      "wingoffly": 0.1641455743597424,
      "x-game": 0.12434298266258725,
      "xiaomi": 0.08821470490707456,
      "yokohama": 0.09325723699694044
    },
    "global_mean": 0.13056013179571663
  },
  "category_code_level1": {
    "mapping": {
      "accessories": 0.12434298266258725,
      "apparel": 0.12434298266258725,
      "appliances": 0.12315526318821211,
      "auto": 0.06871585883985085,
      "computers": 0.10663230057926343,
      "construction": 0.18483081992142944,
      "electronics": 0.13406490546185293,
      "furniture": 0.11353054938757967,
      "kids": 0.1444481054365733,
      "unknown": 0.11659618673858067
    },
    "global_mean": 0.13056013179571663
  },
  "category_code_level2": {
    "mapping": {
      "accessories.alarm": 0.09325723699694044,
      "accessories.compressor": 0.12434298266258725,
      "accessories.player": 0.11353054938757967,
      "accessories.radar": 0.10444810543657329,
      "accessories.videoregister": 0.12434298266258725,
      "audio.headphone": 0.12924446274940507,
      "bag": 0.12434298266258725,
      "bedroom.bed": 0.12434298266258725,
      "camera.video": 0.12434298266258725,
      "carriage": 0.1570088102571449,
      "clocks": 0.0890667085065767,
      "components.faucet": 0.12434298266258725,
      "components.hdd": 0.12434298266258725,
      "desktop": 0.12434298266258725,
      "ebooks": 0.11869102890519692,
      "environment.air_heater": 0.1004308706120897,
      "environment.vacuum": 0.08234290421275593,
      "environment.water_heater": 0.1444481054365733,
      "fmcg.diapers": 0.12434298266258725,
      "ironing_board": 0.12434298266258725,
      "kitchen.blender": 0.11869102890519692,
      "kitchen.chair": 0.12434298266258725,
      "kitchen.coffee_machine": 0.17196203028163487,
      "kitchen.dishwasher": 0.11353054938757967,
      "kitchen.grill": 0.12434298266258725,
      "kitchen.hob": 0.12434298266258725,
      "kitchen.hood": 0.1641455743597424,
      "kitchen.kettle": 0.12434298266258725,
      "kitchen.microwave": 0.10444810543657329,
      "kitchen.mixer": 0.17196203028163487,
      "kitchen.refrigerators": 0.14410008237232289,
      "kitchen.steam_cooker": 0.12434298266258725,
      "kitchen.washer": 0.10391115992433948,
      "living_room.chair": 0.12434298266258725,
      "notebook": 0.15740958656938886,
      "peripherals.keyboard": 0.11869102890519692,
      "peripherals.monitor": 0.11353054938757967,
      "peripherals.mouse": 0.11353054938757967,
      "peripherals.printer": 0.09325723699694044,
      "personal.hair_cutter": 0.17196203028163487,
      "personal.scales": 0.12434298266258725,
      "sewing_machine": 0.19348974606601146,
      "shoes.keds": 0.12434298266258725,
      "smartphone": 0.13892241122645443,
      "swing": 0.12434298266258725,
      "tablet": 0.06871585883985085,
      "telephone": 0.0900414702039425,
      "tools.drill": 0.13562360693865683,
      "tools.saw": 0.21326460115852686,
      "tools.welding": 0.13889240907362815,
      "unknown": 0.11659618673858067,
      "video.projector": 0.1641455743597424,
      "video.tv": 0.11533915908602534
    },
    "global_mean": 0.13056013179571663
  }
}