{
  "xgboost": {
    "accuracy": 0.849,
    "precision": 0.7212171052631579,
    "recall": 0.6782675947409126,
    "f1": 0.6990833001195695,
    "auc_roc": 0.9242383559374617,
    "log_loss": 0.2906437226049207,
    "train_time_seconds": 0.543004035949707
  },
  "lightgbm": {
    "accuracy": 0.8506,
    "precision": 0.7248764415156508,
    "recall": 0.6805877803557618,
    "f1": 0.702034303948943,
    "auc_roc": 0.9247029511484199,
    "log_loss": 0.29010655822753806,
    "train_time_seconds": 1.1960339546203613
  },
  "catboost": {
    "accuracy": 0.849,
    "precision": 0.7237936772046589,
    "recall": 0.6728538283062645,
    "f1": 0.6973947895791583,
    "auc_roc": 0.9252566057276309,
    "log_loss": 0.2899963722317096,
    "train_time_seconds": 2.1274349689483643
  },
  "tabicl": {
    "accuracy": 0.8489,
    "precision": 0.7253668763102725,
    "recall": 0.6689868522815159,
    "f1": 0.696037014685174,
    "auc_roc": 0.9254812491824272,
    "log_loss": 0.28836937054127365,
    "train_time_seconds": 0.8782460689544678
  }
}