{
  "xgboost": {
    "accuracy": 0.8496666666666667,
    "precision": 0.7175531914893617,
    "recall": 0.6933950141351838,
    "f1": 0.7052672853221801,
    "auc_roc": 0.9228245386669728,
    "log_loss": 0.2942664372475139,
    "train_time_seconds": 0.5936541557312012
  },
  "lightgbm": {
    "accuracy": 0.8484666666666667,
    "precision": 0.7177072120559742,
    "recall": 0.6854279105628374,
    "f1": 0.7011962665965558,
    "auc_roc": 0.9239346686356144,
    "log_loss": 0.29195114616274326,
    "train_time_seconds": 1.3277478218078613
  },
  "catboost": {
    "accuracy": 0.8505333333333334,
    "precision": 0.7264487778082944,
    "recall": 0.6797738370598818,
    "f1": 0.7023366967604886,
    "auc_roc": 0.9244804508230502,
    "log_loss": 0.29153321753677214,
    "train_time_seconds": 2.0880470275878906
  },
  "tabicl": {
    "accuracy": 0.8504,
    "precision": 0.7225074304242096,
    "recall": 0.6872269339501413,
    "f1": 0.7044257112750263,
    "auc_roc": 0.9245138573244875,
    "log_loss": 0.29026918308702504,
    "train_time_seconds": 1.149766206741333
  }
}